Type,Série,Détail,Commentaires,Image
Display,Aventures ensemble,,Avec carte promo,images/scelles/displayJTG.jpg
Display,Ecarlate et violet,,,images/scelles/displayEV.jpg
Display,Rivalités destinées,,,images/scelles/displayDRI.jpg
ETB,Aventures ensemble,,,images/scelles/ETBJTG.jpg
UPC,Terrapagos,,,images/scelles/UPCTERRAPAGOS.jpg
SPC,Evolution Prismatique,,,images/scelles/SPCPRE.jpg
Display tin box,Evolution Prismatique,,,images/scelles/displaytinPRE.jpg
ETB,Rivalités destinées,,,images/scelles/ETBDRI.jpeg
ETB,Rivalités destinées,,,images/scelles/ETBDRI.jpeg
ETB,Rivalités destinées,,,images/scelles/ETBDRI.jpeg
ETB,Flamme Blanche,,Abimée sur le dessus (plastique ),images/scelles/ETBWHT.jpg
Coffret,Rivalités destinées,Metwo Ex de la team rocket,,images/scelles/coffret_DRI_mewtwo.jpg
Coffret,Rivalités destinées,Metwo Ex de la team rocket,,images/scelles/coffret_DRI_mewtwo.jpg
Bundle,Rivalités destinées,,,images/scelles/bundleDRI.jpg
Tripack,Etincelles Déferlantes,Electhor,,images/scelles/tripackelecthor.jpg
Tripack,Etincelles Déferlantes,Maraiste,,images/scelles/tripackmaraiste.jpg
Tripack,Rivalités destinées,Zéblitz,,images/scelles/tripackzeblitz.jpg
Tripack,Rivalités destinées,Kangourex,,images/scelles/tripackkangourex.jpg
Booster ,Rivalités destinées,Ho-Oh,,images/scelles/boosterHOOH.png
Coffret,Fable Nébuleuse,Scalpereur,,images/scelles/coffretscalpereur.jpg
Coffret,Foudre Noire et Flamme Blanche,Collection Poster,,images/scelles/coffretposterWHTBLK.png
Coffret,151,Eaux Florrissantes,,images/scelles/coffreteauxflorissantes.jpg
Classeur,Evolution Prismatique,,Juste le classeur sorti de coffret,images/scelles/classeur.jpg